transaction_id,date,description,payee,amount,channel
TXN0402,2026-01-02 11:29:00,Food,Restaurant A,632,UPI
TXN0647,2026-01-02 12:27:00,Travel,Uber,1114,UPI
TXN0825,2026-01-02 20:01:00,Shopping,Flipkart,2185,NEFT
TXN0008,2026-01-02 20:57:00,Shopping,Priya Stores,1807,NEFT
TXN0891,2026-01-03 08:08:00,Transfer,Ravi Kumar,6629,UPI
TXN0805,2026-01-03 09:40:00,Food,Restaurant A,654,UPI
TXN0102,2026-01-03 09:54:00,Grocery,Fresh Market,910,UPI
TXN0929,2026-01-03 10:47:00,Travel,Ola,1570,UPI
TXN0731,2026-01-03 11:43:00,Bills,Electricity Board,4235,UPI
TXN0087,2026-01-03 15:49:00,Bills,Mobile Recharge,5112,UPI
TXN0327,2026-01-04 12:30:00,Bills,Electricity Board,1512,UPI
TXN0774,2026-01-04 12:58:00,Travel,Uber,1738,UPI
TXN0190,2026-01-04 15:10:00,Shopping,Book Shop,4515,UPI
TXN0205,2026-01-05 09:35:00,Food,Restaurant A,653,UPI
TXN0881,2026-01-05 10:07:00,Health,Pharmacy,1594,UPI
TXN0481,2026-01-05 12:22:00,Shopping,Flipkart,7340,UPI
TXN0496,2026-01-05 14:05:00,Shopping,Priya Stores,1053,NEFT
TXN0736,2026-01-05 17:02:00,Transfer,Ravi Kumar,5501,IMPS
TXN0985,2026-01-06 09:06:00,Shopping,Flipkart,7893,NEFT
TXN0817,2026-01-06 13:51:00,Salary,ABC Ltd,42000,Bank Transfer
TXN0494,2026-01-06 14:39:00,Shopping,Book Shop,4351,UPI
TXN0668,2026-01-06 14:45:00,Food,Restaurant A,206,UPI
TXN0054,2026-01-06 18:02:00,Bills,Electricity Board,2385,UPI
TXN0956,2026-01-07 11:58:00,Bills,Electricity Board,3337,UPI
TXN0005,2026-01-08 09:35:00,Shopping,Flipkart,2405,UPI
TXN0522,2026-01-08 10:26:00,Shopping,Book Shop,5477,NEFT
TXN0386,2026-01-08 11:04:00,Food,Restaurant A,1639,UPI
TXN0979,2026-01-08 14:54:00,Shopping,Book Shop,4204,UPI
TXN0760,2026-01-08 18:49:00,Food,Restaurant A,1122,UPI
TXN0523,2026-01-09 10:09:00,Grocery,Fresh Market,1266,UPI
TXN0234,2026-01-09 11:57:00,Food,Restaurant A,1647,UPI
TXN0672,2026-01-09 12:53:00,Travel,Uber,887,UPI
TXN0120,2026-01-10 09:51:00,Bills,Mobile Recharge,4059,UPI
TXN0591,2026-01-10 10:20:00,Transfer,Ravi Kumar,6456,NEFT
TXN0113,2026-01-10 16:01:00,Shopping,Flipkart,2134,NEFT
TXN0290,2026-01-10 18:32:00,Grocery,Fresh Market,1261,UPI
TXN0457,2026-01-10 19:17:00,Food,Cafe Coffee,1769,UPI
TXN0439,2026-01-11 12:13:00,Transfer,Ravi Kumar,8172,NEFT
TXN0504,2026-01-11 13:23:00,Health,Pharmacy,2840,UPI
TXN0081,2026-01-11 18:34:00,Grocery,Fresh Market,2017,UPI
TXN0940,2026-01-12 08:12:00,Shopping,Flipkart,876,NEFT
TXN0141,2026-01-12 12:10:00,Travel,Ola,2653,UPI
TXN0295,2026-01-12 13:32:00,Shopping,Priya Stores,959,NEFT
TXN0499,2026-01-12 14:00:00,Bills,Electricity Board,3273,UPI
TXN0583,2026-01-12 14:50:00,Grocery,SuperMart,1097,UPI
TXN0687,2026-01-12 14:51:00,Travel,Ola,1109,UPI
TXN0012,2026-01-12 20:27:00,Travel,Ola,2346,UPI
TXN0578,2026-01-13 08:51:00,Food,Restaurant A,1213,UPI
TXN0033,2026-01-13 09:52:00,Shopping,Amazon,5640,UPI
TXN0147,2026-01-13 17:30:00,Shopping,Flipkart,7449,UPI
TXN0346,2026-01-13 21:25:00,Food,Cafe Coffee,698,UPI
TXN0259,2026-01-14 11:12:00,Bills,Electricity Board,3463,UPI
TXN0379,2026-01-14 12:54:00,Bills,Mobile Recharge,3059,UPI
TXN0887,2026-01-14 14:45:00,Salary,ABC Ltd,48000,Bank Transfer
TXN0601,2026-01-14 17:57:00,Travel,Ola,848,UPI
TXN0063,2026-01-14 19:29:00,Salary,ABC Ltd,42000,Bank Transfer
TXN0925,2026-01-15 12:10:00,Grocery,Fresh Market,2079,UPI
TXN0927,2026-01-15 13:16:00,Salary,ABC Ltd,45000,Bank Transfer
TXN0075,2026-01-15 17:53:00,Transfer,Ravi Kumar,9883,UPI
TXN0671,2026-01-16 09:10:00,Health,Pharmacy,4167,UPI
TXN0064,2026-01-16 14:52:00,Transfer,Ravi Kumar,6559,UPI
TXN0361,2026-01-16 16:10:00,Shopping,Book Shop,3790,NEFT
TXN0486,2026-01-17 09:53:00,Shopping,Book Shop,7914,NEFT
TXN0779,2026-01-17 10:51:00,Travel,Uber,1280,UPI
TXN0158,2026-01-17 15:04:00,Travel,Uber,1505,UPI
TXN0537,2026-01-17 17:23:00,Bills,Electricity Board,2878,UPI
TXN0826,2026-01-17 17:51:00,Grocery,Fresh Market,2499,UPI
TXN0875,2026-01-17 21:34:00,Bills,Electricity Board,3758,UPI
TXN0374,2026-01-18 09:33:00,Shopping,Book Shop,1199,UPI
TXN0189,2026-01-18 16:38:00,Salary,ABC Ltd,48000,Bank Transfer
TXN0348,2026-01-18 21:03:00,Bills,Electricity Board,2197,UPI
TXN0363,2026-01-19 09:22:00,Food,Cafe Coffee,1445,UPI
TXN0546,2026-01-19 10:08:00,Food,Cafe Coffee,1515,UPI
TXN0708,2026-01-19 11:12:00,Shopping,Priya Stores,6739,UPI
TXN0407,2026-01-19 14:46:00,Shopping,Book Shop,6578,UPI
TXN0304,2026-01-19 15:32:00,Food,Cafe Coffee,1403,UPI
TXN0547,2026-01-19 15:40:00,Travel,Ola,2935,UPI
TXN0142,2026-01-19 15:46:00,Travel,Uber,2729,UPI
TXN0223,2026-01-19 17:50:00,Salary,ABC Ltd,42000,Bank Transfer
TXN0969,2026-01-20 11:27:00,Shopping,Amazon,6889,UPI
TXN0455,2026-01-20 13:02:00,Shopping,Book Shop,6956,UPI
TXN0660,2026-01-20 17:37:00,Grocery,Fresh Market,552,UPI
TXN0945,2026-01-20 17:45:00,Food,Cafe Coffee,444,UPI
TXN0520,2026-01-20 19:27:00,Salary,ABC Ltd,50000,Bank Transfer
TXN0559,2026-01-21 08:46:00,Salary,ABC Ltd,48000,Bank Transfer
TXN0553,2026-01-21 12:16:00,Shopping,Flipkart,5702,NEFT
TXN0515,2026-01-21 13:35:00,Salary,ABC Ltd,48000,Bank Transfer
TXN0620,2026-01-21 13:54:00,Health,Pharmacy,3923,UPI
TXN0513,2026-01-21 15:20:00,Bills,Mobile Recharge,1978,UPI
TXN0705,2026-01-21 15:40:00,Shopping,Book Shop,3539,UPI
TXN0175,2026-01-21 16:01:00,Grocery,SuperMart,513,UPI
TXN0245,2026-01-21 18:12:00,Grocery,SuperMart,2069,UPI
TXN0299,2026-01-21 18:24:00,Shopping,Book Shop,3633,UPI
TXN0394,2026-01-22 08:53:00,Shopping,Amazon,1789,UPI
TXN0202,2026-01-22 12:07:00,Transfer,Ravi Kumar,7658,NEFT
TXN0225,2026-01-22 12:14:00,Grocery,Fresh Market,2004,UPI
TXN0886,2026-01-22 14:20:00,Salary,ABC Ltd,45000,Bank Transfer
TXN0438,2026-01-22 16:36:00,Salary,ABC Ltd,45000,Bank Transfer
TXN0963,2026-01-22 17:54:00,Grocery,Fresh Market,2370,UPI
TXN0170,2026-01-22 18:58:00,Travel,Uber,705,UPI
TXN0775,2026-01-22 20:22:00,Health,Pharmacy,4883,UPI
TXN0047,2026-01-22 20:29:00,Travel,Ola,433,UPI
TXN0763,2026-01-22 21:10:00,Bills,Mobile Recharge,2919,UPI
TXN0900,2026-01-23 09:42:00,Shopping,Amazon,6664,UPI
TXN0772,2026-01-23 14:02:00,Bills,Electricity Board,1262,UPI
TXN0950,2026-01-23 17:26:00,Travel,Ola,182,UPI
TXN0004,2026-01-23 18:04:00,Travel,Uber,280,UPI
TXN0631,2026-01-23 19:07:00,Bills,Mobile Recharge,2402,UPI
TXN0266,2026-01-24 11:50:00,Shopping,Book Shop,7978,UPI
TXN0247,2026-01-24 11:54:00,Salary,ABC Ltd,42000,Bank Transfer
TXN0576,2026-01-24 14:42:00,Bills,Electricity Board,4245,UPI
TXN0664,2026-01-24 16:42:00,Travel,Ola,377,UPI
TXN0885,2026-01-24 19:10:00,Food,Cafe Coffee,712,UPI
TXN0345,2026-01-24 19:18:00,Shopping,Flipkart,5756,UPI
TXN0390,2026-01-24 20:44:00,Bills,Electricity Board,2262,UPI
TXN0069,2026-01-24 20:51:00,Shopping,Book Shop,2436,UPI
TXN0139,2026-01-24 21:58:00,Shopping,Priya Stores,2424,NEFT
TXN0889,2026-01-25 08:01:00,Shopping,Flipkart,4406,UPI
TXN0980,2026-01-25 15:53:00,Grocery,Fresh Market,872,UPI
TXN0068,2026-01-26 08:51:00,Salary,ABC Ltd,42000,Bank Transfer
TXN0088,2026-01-26 09:15:00,Bills,Electricity Board,2246,UPI
TXN0284,2026-01-26 15:30:00,Grocery,Fresh Market,2454,UPI
TXN0880,2026-01-26 18:41:00,Shopping,Priya Stores,7354,NEFT
TXN0342,2026-01-26 19:42:00,Food,Cafe Coffee,1315,UPI
TXN0477,2026-01-26 20:11:00,Salary,ABC Ltd,48000,Bank Transfer
TXN0293,2026-01-26 20:58:00,Salary,ABC Ltd,42000,Bank Transfer
TXN0367,2026-01-26 21:32:00,Transfer,Ravi Kumar,2874,IMPS
TXN0219,2026-01-27 08:12:00,Bills,Mobile Recharge,2829,UPI
TXN0010,2026-01-27 09:34:00,Travel,Uber,546,UPI
TXN0894,2026-01-27 13:20:00,Food,Cafe Coffee,812,UPI
TXN0186,2026-01-27 19:53:00,Shopping,Priya Stores,2970,UPI
TXN0437,2026-01-27 21:50:00,Health,Pharmacy,3113,UPI
TXN0414,2026-01-28 12:09:00,Travel,Uber,2562,UPI
TXN0183,2026-01-28 17:52:00,Grocery,SuperMart,1577,UPI
TXN0330,2026-01-28 19:31:00,Shopping,Flipkart,4362,UPI
TXN0801,2026-01-28 21:07:00,Shopping,Flipkart,5887,NEFT
TXN0145,2026-01-28 21:17:00,Travel,Uber,1046,UPI
TXN0682,2026-01-29 08:32:00,Shopping,Priya Stores,5908,NEFT
TXN0399,2026-01-29 12:50:00,Salary,ABC Ltd,50000,Bank Transfer
TXN0039,2026-01-29 13:00:00,Travel,Uber,797,UPI
TXN0045,2026-01-29 14:11:00,Health,Pharmacy,2819,UPI
TXN0222,2026-01-30 09:06:00,Travel,Uber,2164,UPI
TXN0334,2026-01-30 10:23:00,Grocery,SuperMart,452,UPI
TXN0119,2026-01-30 12:27:00,Shopping,Amazon,5256,NEFT
TXN0926,2026-01-30 15:44:00,Bills,Mobile Recharge,5487,UPI
TXN0180,2026-01-30 17:37:00,Shopping,Flipkart,4309,NEFT
TXN0663,2026-01-30 19:36:00,Shopping,Flipkart,6372,NEFT
TXN0812,2026-01-30 20:27:00,Shopping,Amazon,3353,NEFT
TXN0182,2026-01-30 21:16:00,Shopping,Book Shop,1841,NEFT
TXN0928,2026-01-31 08:12:00,Transfer,Ravi Kumar,3248,IMPS
TXN0932,2026-01-31 21:09:00,Health,Pharmacy,540,UPI
TXN0981,2026-02-01 08:12:00,Grocery,SuperMart,1210,UPI
TXN0987,2026-02-01 08:43:00,Travel,Ola,357,UPI
TXN0534,2026-02-01 10:18:00,Shopping,Book Shop,1106,NEFT
TXN0013,2026-02-01 14:27:00,Grocery,Fresh Market,1500,UPI
TXN0550,2026-02-01 16:50:00,Shopping,Amazon,2991,UPI
TXN0986,2026-02-02 09:34:00,Health,Pharmacy,3016,UPI
TXN0587,2026-02-02 09:39:00,Travel,Uber,1678,UPI
TXN0554,2026-02-02 18:40:00,Food,Restaurant A,1458,UPI
TXN0450,2026-02-02 19:26:00,Transfer,Ravi Kumar,9624,UPI
TXN0865,2026-02-02 19:58:00,Shopping,Book Shop,1587,UPI
TXN0347,2026-02-02 21:25:00,Bills,Mobile Recharge,2181,UPI
TXN0353,2026-02-03 08:15:00,Food,Cafe Coffee,687,UPI
TXN0982,2026-02-03 11:22:00,Shopping,Book Shop,3781,NEFT
TXN0912,2026-02-03 14:36:00,Shopping,Book Shop,7372,NEFT
TXN0549,2026-02-03 15:23:00,Bills,Electricity Board,953,UPI
TXN0890,2026-02-03 18:07:00,Shopping,Flipkart,4755,NEFT
TXN0448,2026-02-03 18:09:00,Transfer,Ravi Kumar,2388,NEFT
TXN0100,2026-02-03 18:52:00,Food,Restaurant A,530,UPI
TXN0502,2026-02-04 09:04:00,Transfer,Ravi Kumar,8498,UPI
TXN0272,2026-02-04 09:11:00,Food,Restaurant A,1782,UPI
TXN0783,2026-02-04 13:11:00,Grocery,SuperMart,1920,UPI
TXN0638,2026-02-04 16:36:00,Travel,Ola,1267,UPI
TXN0964,2026-02-04 18:52:00,Shopping,Book Shop,3730,UPI
TXN0673,2026-02-04 21:04:00,Salary,ABC Ltd,50000,Bank Transfer
TXN0840,2026-02-05 11:11:00,Food,Cafe Coffee,1123,UPI
TXN0540,2026-02-05 12:02:00,Shopping,Priya Stores,4547,UPI
TXN0895,2026-02-05 14:31:00,Shopping,Priya Stores,7163,UPI
TXN0066,2026-02-05 15:12:00,Shopping,Amazon,2781,NEFT
TXN0646,2026-02-05 16:08:00,Food,Cafe Coffee,708,UPI
TXN0689,2026-02-05 16:35:00,Food,Restaurant A,679,UPI
TXN0032,2026-02-05 16:41:00,Travel,Ola,522,UPI
TXN0608,2026-02-05 16:51:00,Shopping,Flipkart,5094,NEFT
TXN0316,2026-02-05 18:43:00,Grocery,Fresh Market,461,UPI
TXN0730,2026-02-05 18:45:00,Shopping,Flipkart,1056,UPI
TXN0726,2026-02-05 20:17:00,Bills,Electricity Board,4500,UPI
TXN0403,2026-02-05 21:02:00,Food,Restaurant A,792,UPI
TXN0756,2026-02-05 21:29:00,Transfer,Ravi Kumar,2284,IMPS
TXN0240,2026-02-06 09:13:00,Grocery,SuperMart,979,UPI
TXN0589,2026-02-06 11:23:00,Bills,Mobile Recharge,4670,UPI
TXN0567,2026-02-06 13:20:00,Shopping,Book Shop,6384,NEFT
TXN0701,2026-02-06 21:45:00,Travel,Ola,386,UPI
TXN0719,2026-02-07 08:16:00,Food,Restaurant A,1333,UPI
TXN0364,2026-02-07 09:07:00,Shopping,Amazon,2752,NEFT
TXN0478,2026-02-07 10:20:00,Grocery,SuperMart,1475,UPI
TXN0472,2026-02-07 15:27:00,Grocery,Fresh Market,1209,UPI
TXN0603,2026-02-07 19:37:00,Shopping,Flipkart,758,UPI
TXN0866,2026-02-07 20:08:00,Food,Cafe Coffee,706,UPI
TXN0992,2026-02-08 08:35:00,Bills,Mobile Recharge,5572,UPI
TXN0224,2026-02-08 10:32:00,Shopping,Priya Stores,5110,NEFT
TXN0446,2026-02-08 13:41:00,Grocery,Fresh Market,879,UPI
TXN0970,2026-02-09 09:48:00,Shopping,Amazon,4182,NEFT
TXN0459,2026-02-09 10:46:00,Shopping,Amazon,7310,UPI
TXN0721,2026-02-09 11:20:00,Food,Cafe Coffee,671,UPI
TXN0043,2026-02-09 14:22:00,Shopping,Priya Stores,1823,UPI
TXN0192,2026-02-09 15:25:00,Shopping,Amazon,6511,NEFT
TXN0922,2026-02-09 17:09:00,Food,Cafe Coffee,1000,UPI
TXN0766,2026-02-09 20:37:00,Travel,Uber,1447,UPI
TXN0232,2026-02-10 08:02:00,Travel,Uber,1995,UPI
TXN0231,2026-02-10 12:05:00,Shopping,Amazon,5021,UPI
TXN0392,2026-02-10 14:18:00,Food,Restaurant A,1677,UPI
TXN0565,2026-02-10 15:30:00,Travel,Uber,2133,UPI
TXN0112,2026-02-10 21:26:00,Transfer,Ravi Kumar,2771,NEFT
TXN0974,2026-02-10 21:46:00,Salary,ABC Ltd,48000,Bank Transfer
TXN0471,2026-02-11 12:39:00,Travel,Ola,2252,UPI
TXN0551,2026-02-11 13:30:00,Health,Pharmacy,2147,UPI
TXN0022,2026-02-11 15:53:00,Travel,Uber,1255,UPI
TXN0640,2026-02-11 20:28:00,Travel,Ola,2805,UPI
TXN0467,2026-02-11 21:56:00,Shopping,Flipkart,7063,UPI
TXN0322,2026-02-12 12:23:00,Health,Pharmacy,4247,UPI
TXN0662,2026-02-12 13:35:00,Shopping,Book Shop,4762,NEFT
TXN0931,2026-02-12 14:20:00,Shopping,Amazon,6642,NEFT
TXN0167,2026-02-12 15:58:00,Health,Pharmacy,1345,UPI
TXN0802,2026-02-12 19:02:00,Bills,Mobile Recharge,862,UPI
TXN0517,2026-02-12 19:46:00,Travel,Ola,1589,UPI
TXN0988,2026-02-13 17:47:00,Travel,Uber,1767,UPI
TXN0556,2026-02-13 18:06:00,Bills,Mobile Recharge,1763,UPI
TXN0557,2026-02-13 19:14:00,Bills,Mobile Recharge,5457,UPI
TXN0352,2026-02-14 09:52:00,Salary,ABC Ltd,42000,Bank Transfer
TXN0249,2026-02-14 16:01:00,Bills,Electricity Board,5837,UPI
TXN0839,2026-02-14 17:28:00,Shopping,Amazon,4511,NEFT
TXN0421,2026-02-14 18:16:00,Shopping,Amazon,6727,UPI
TXN0643,2026-02-14 18:25:00,Shopping,Book Shop,5732,NEFT
TXN0535,2026-02-14 20:10:00,Travel,Ola,509,UPI
TXN0942,2026-02-15 08:36:00,Bills,Electricity Board,5871,UPI
TXN0738,2026-02-15 09:49:00,Health,Pharmacy,1089,UPI
TXN0947,2026-02-15 11:48:00,Shopping,Priya Stores,4725,UPI
TXN0788,2026-02-15 14:47:00,Food,Cafe Coffee,796,UPI
TXN0109,2026-02-15 15:02:00,Grocery,SuperMart,1034,UPI
TXN0041,2026-02-15 16:39:00,Health,Pharmacy,1171,UPI
TXN0422,2026-02-15 21:11:00,Salary,ABC Ltd,50000,Bank Transfer
TXN0146,2026-02-15 21:43:00,Transfer,Ravi Kumar,9486,NEFT
TXN0388,2026-02-16 10:26:00,Bills,Mobile Recharge,5884,UPI
TXN0453,2026-02-16 11:39:00,Food,Cafe Coffee,1769,UPI
TXN0835,2026-02-16 14:22:00,Transfer,Ravi Kumar,3316,IMPS
TXN0199,2026-02-16 16:19:00,Shopping,Flipkart,3406,NEFT
TXN0221,2026-02-17 08:52:00,Food,Restaurant A,1178,UPI
TXN0078,2026-02-17 09:10:00,Bills,Mobile Recharge,1056,UPI
TXN0822,2026-02-17 11:10:00,Salary,ABC Ltd,50000,Bank Transfer
TXN0212,2026-02-17 11:16:00,Shopping,Flipkart,6550,NEFT
TXN0991,2026-02-17 12:41:00,Food,Restaurant A,1113,UPI
TXN0827,2026-02-17 14:14:00,Food,Cafe Coffee,603,UPI
TXN0530,2026-02-17 16:31:00,Bills,Electricity Board,3670,UPI
TXN0727,2026-02-17 17:15:00,Salary,ABC Ltd,42000,Bank Transfer
TXN0604,2026-02-18 08:19:00,Travel,Ola,1434,UPI
TXN0061,2026-02-18 09:36:00,Grocery,Fresh Market,2065,UPI
TXN0435,2026-02-18 13:29:00,Bills,Mobile Recharge,4396,UPI
TXN0279,2026-02-18 19:54:00,Shopping,Flipkart,5184,NEFT
TXN0574,2026-02-18 21:01:00,Shopping,Amazon,4581,NEFT
TXN0639,2026-02-19 21:48:00,Grocery,Fresh Market,1654,UPI
TXN0954,2026-02-20 20:30:00,Health,Pharmacy,4777,UPI
TXN0178,2026-02-21 08:20:00,Bills,Mobile Recharge,1748,UPI
TXN0320,2026-02-21 10:15:00,Shopping,Priya Stores,4918,NEFT
TXN0622,2026-02-21 17:11:00,Food,Restaurant A,1351,UPI
TXN0883,2026-02-21 19:45:00,Health,Pharmacy,1380,UPI
TXN0712,2026-02-22 14:46:00,Health,Pharmacy,2260,UPI
TXN0606,2026-02-22 15:00:00,Bills,Electricity Board,5509,UPI
TXN0160,2026-02-22 15:10:00,Travel,Uber,2542,UPI
TXN0859,2026-02-22 21:53:00,Shopping,Flipkart,7098,UPI
TXN0134,2026-02-23 15:20:00,Shopping,Priya Stores,5251,NEFT
TXN0230,2026-02-23 18:40:00,Shopping,Flipkart,2667,UPI
TXN0106,2026-02-23 19:38:00,Shopping,Flipkart,5963,UPI
TXN0615,2026-02-23 19:46:00,Transfer,Ravi Kumar,9011,NEFT
TXN0856,2026-02-23 21:50:00,Transfer,Ravi Kumar,10632,IMPS
TXN0381,2026-02-24 10:38:00,Salary,ABC Ltd,50000,Bank Transfer
TXN0136,2026-02-24 16:43:00,Travel,Ola,845,UPI
TXN0898,2026-02-24 18:43:00,Transfer,Ravi Kumar,3480,NEFT
TXN0027,2026-02-24 19:11:00,Travel,Ola,1770,UPI
TXN0916,2026-02-25 08:40:00,Health,Pharmacy,795,UPI
TXN0876,2026-02-25 15:19:00,Shopping,Book Shop,2235,NEFT
TXN0669,2026-02-25 17:52:00,Grocery,Fresh Market,485,UPI
TXN0846,2026-02-26 12:59:00,Grocery,SuperMart,1425,UPI
TXN0401,2026-02-26 14:44:00,Bills,Mobile Recharge,948,UPI
TXN0359,2026-02-26 18:29:00,Grocery,SuperMart,2435,UPI
TXN0332,2026-02-26 19:03:00,Grocery,Fresh Market,2201,UPI
TXN0678,2026-02-27 08:03:00,Shopping,Priya Stores,686,NEFT
TXN0115,2026-02-27 08:24:00,Salary,ABC Ltd,45000,Bank Transfer
TXN0382,2026-02-27 09:50:00,Food,Cafe Coffee,1339,UPI
TXN0847,2026-02-27 17:10:00,Food,Restaurant A,544,UPI
TXN0140,2026-02-27 21:45:00,Shopping,Flipkart,1707,UPI
TXN0025,2026-02-28 08:32:00,Shopping,Priya Stores,3084,NEFT
TXN0893,2026-02-28 14:32:00,Grocery,Fresh Market,719,UPI
TXN0313,2026-02-28 18:21:00,Shopping,Priya Stores,3386,UPI
TXN0939,2026-02-28 20:38:00,Bills,Electricity Board,521,UPI
TXN0292,2026-02-28 20:44:00,Grocery,Fresh Market,2077,UPI
TXN0758,2026-03-01 09:17:00,Food,Cafe Coffee,1439,UPI
TXN0017,2026-03-01 09:43:00,Travel,Uber,1288,UPI
TXN0280,2026-03-01 21:14:00,Travel,Uber,328,UPI
TXN0821,2026-03-01 21:36:00,Travel,Uber,2729,UPI
TXN0651,2026-03-02 09:03:00,Salary,ABC Ltd,42000,Bank Transfer
TXN0420,2026-03-02 09:45:00,Shopping,Amazon,2596,UPI
TXN0155,2026-03-02 12:38:00,Food,Cafe Coffee,854,UPI
TXN0336,2026-03-02 17:10:00,Shopping,Amazon,3683,NEFT
TXN0046,2026-03-03 08:59:00,Shopping,Flipkart,7692,UPI
TXN0179,2026-03-03 10:09:00,Travel,Ola,2892,UPI
TXN0684,2026-03-03 11:31:00,Grocery,Fresh Market,713,UPI
TXN0577,2026-03-03 11:40:00,Bills,Mobile Recharge,3390,UPI
TXN0700,2026-03-03 11:50:00,Food,Restaurant A,1649,UPI
TXN0796,2026-03-03 12:18:00,Salary,ABC Ltd,45000,Bank Transfer
TXN0084,2026-03-03 12:31:00,Travel,Uber,686,UPI
TXN0570,2026-03-03 15:57:00,Grocery,Fresh Market,1395,UPI
TXN0490,2026-03-03 17:44:00,Travel,Uber,917,UPI
TXN0497,2026-03-03 20:30:00,Salary,ABC Ltd,42000,Bank Transfer
TXN0624,2026-03-04 08:51:00,Salary,ABC Ltd,45000,Bank Transfer
TXN0955,2026-03-04 10:34:00,Grocery,SuperMart,1979,UPI
TXN0002,2026-03-04 11:48:00,Shopping,Amazon,6533,UPI
TXN0790,2026-03-04 13:33:00,Travel,Uber,1298,UPI
TXN0090,2026-03-04 14:18:00,Food,Restaurant A,523,UPI
TXN0270,2026-03-04 15:47:00,Bills,Electricity Board,1684,UPI
TXN0297,2026-03-04 17:03:00,Travel,Uber,2468,UPI
TXN0776,2026-03-04 17:45:00,Bills,Electricity Board,1889,UPI
TXN0742,2026-03-04 19:53:00,Shopping,Flipkart,2957,UPI
TXN0067,2026-03-05 09:17:00,Travel,Ola,2404,UPI
TXN0573,2026-03-05 10:43:00,Shopping,Book Shop,3182,NEFT
TXN0065,2026-03-05 11:16:00,Shopping,Flipkart,4893,NEFT
TXN0053,2026-03-05 11:50:00,Grocery,Fresh Market,1684,UPI
TXN0152,2026-03-05 18:52:00,Food,Restaurant A,1768,UPI
TXN0658,2026-03-05 19:36:00,Shopping,Priya Stores,5380,UPI
TXN0764,2026-03-05 20:10:00,Grocery,Fresh Market,636,UPI
TXN0029,2026-03-05 20:42:00,Bills,Electricity Board,4915,UPI
TXN0506,2026-03-06 08:37:00,Shopping,Priya Stores,5799,UPI
TXN0098,2026-03-06 08:52:00,Grocery,Fresh Market,2034,UPI
TXN0468,2026-03-06 08:53:00,Salary,ABC Ltd,50000,Bank Transfer
TXN0306,2026-03-06 15:47:00,Shopping,Book Shop,2974,UPI
TXN0704,2026-03-07 11:28:00,Food,Cafe Coffee,1524,UPI
TXN0641,2026-03-07 20:15:00,Shopping,Amazon,615,NEFT
TXN0724,2026-03-07 21:01:00,Shopping,Book Shop,4502,NEFT
TXN0938,2026-03-07 21:11:00,Grocery,Fresh Market,772,UPI
TXN0650,2026-03-08 19:09:00,Food,Cafe Coffee,1618,UPI
TXN0532,2026-03-08 20:00:00,Travel,Ola,1028,UPI
TXN0355,2026-03-09 08:53:00,Shopping,Amazon,6576,NEFT
TXN0094,2026-03-09 09:58:00,Health,Pharmacy,1176,UPI
TXN0287,2026-03-09 13:46:00,Bills,Mobile Recharge,3756,UPI
TXN0600,2026-03-09 19:11:00,Shopping,Priya Stores,6858,UPI
TXN0030,2026-03-09 20:44:00,Bills,Mobile Recharge,4009,UPI
TXN0026,2026-03-10 09:07:00,Shopping,Flipkart,7980,NEFT
TXN0765,2026-03-10 10:37:00,Travel,Uber,2746,UPI
TXN0195,2026-03-10 13:30:00,Shopping,Book Shop,2511,UPI
TXN0877,2026-03-10 13:30:00,Shopping,Book Shop,2823,NEFT
TXN0707,2026-03-10 14:26:00,Salary,ABC Ltd,42000,Bank Transfer
TXN0262,2026-03-10 17:22:00,Shopping,Amazon,2859,NEFT
TXN0038,2026-03-10 21:07:00,Salary,ABC Ltd,48000,Bank Transfer
TXN0850,2026-03-10 21:13:00,Bills,Electricity Board,3505,UPI
TXN0274,2026-03-10 22:00:00,Grocery,SuperMart,1458,UPI
TXN0749,2026-03-11 08:47:00,Health,Pharmacy,909,UPI
TXN0769,2026-03-11 09:44:00,Shopping,Amazon,1215,UPI
TXN0269,2026-03-11 15:05:00,Shopping,Book Shop,4452,NEFT
TXN0165,2026-03-11 15:26:00,Travel,Ola,268,UPI
TXN0099,2026-03-12 08:45:00,Grocery,SuperMart,1666,UPI
TXN0217,2026-03-12 08:46:00,Grocery,SuperMart,1496,UPI
TXN0351,2026-03-12 10:28:00,Shopping,Amazon,4925,NEFT
TXN0344,2026-03-12 11:14:00,Grocery,Fresh Market,2162,UPI
TXN0154,2026-03-12 15:30:00,Grocery,Fresh Market,1470,UPI
TXN0428,2026-03-12 18:05:00,Grocery,SuperMart,1741,UPI
TXN0903,2026-03-12 19:00:00,Grocery,Fresh Market,1316,UPI
TXN0213,2026-03-12 20:21:00,Bills,Mobile Recharge,4797,UPI
TXN0340,2026-03-13 08:33:00,Transfer,Ravi Kumar,7070,UPI
TXN0961,2026-03-13 09:35:00,Grocery,SuperMart,1248,UPI
TXN0117,2026-03-13 13:59:00,Salary,ABC Ltd,50000,Bank Transfer
TXN0196,2026-03-13 15:41:00,Shopping,Flipkart,6647,NEFT
TXN0586,2026-03-13 18:38:00,Salary,ABC Ltd,42000,Bank Transfer
TXN0058,2026-03-13 19:25:00,Travel,Ola,1027,UPI
TXN0174,2026-03-13 20:50:00,Shopping,Book Shop,3953,NEFT
TXN0445,2026-03-14 12:18:00,Transfer,Ravi Kumar,11757,IMPS
TXN0637,2026-03-14 15:45:00,Salary,ABC Ltd,50000,Bank Transfer
TXN0235,2026-03-14 19:59:00,Shopping,Book Shop,4219,UPI
TXN0949,2026-03-14 21:12:00,Shopping,Book Shop,3045,NEFT
TXN0905,2026-03-14 21:17:00,Transfer,Ravi Kumar,1439,IMPS
TXN0737,2026-03-15 08:17:00,Bills,Electricity Board,4027,UPI
TXN0431,2026-03-15 09:18:00,Salary,ABC Ltd,42000,Bank Transfer
TXN0617,2026-03-15 10:04:00,Bills,Mobile Recharge,4949,UPI
TXN0507,2026-03-15 14:05:00,Shopping,Book Shop,6896,UPI
TXN0073,2026-03-15 15:13:00,Transfer,Ravi Kumar,10105,IMPS
TXN0580,2026-03-15 17:09:00,Grocery,SuperMart,740,UPI
TXN0303,2026-03-15 19:33:00,Bills,Electricity Board,1794,UPI
TXN0635,2026-03-16 08:38:00,Grocery,SuperMart,1522,UPI
TXN0619,2026-03-16 08:43:00,Food,Restaurant A,1662,UPI
TXN0411,2026-03-16 09:57:00,Travel,Uber,235,UPI
TXN0572,2026-03-16 14:33:00,Shopping,Book Shop,5541,NEFT
TXN0862,2026-03-16 17:46:00,Food,Restaurant A,1253,UPI
TXN0503,2026-03-17 11:26:00,Grocery,SuperMart,1117,UPI
TXN0215,2026-03-17 11:52:00,Food,Cafe Coffee,567,UPI
TXN0319,2026-03-17 13:34:00,Transfer,Ravi Kumar,7807,UPI
TXN0811,2026-03-17 15:05:00,Health,Pharmacy,1003,UPI
TXN0642,2026-03-17 17:41:00,Salary,ABC Ltd,45000,Bank Transfer
TXN0309,2026-03-17 19:56:00,Food,Restaurant A,244,UPI
TXN0323,2026-03-17 20:44:00,Shopping,Book Shop,3274,UPI
TXN0816,2026-03-18 08:45:00,Shopping,Priya Stores,6322,UPI
TXN0538,2026-03-18 10:41:00,Transfer,Ravi Kumar,11448,UPI
TXN0699,2026-03-18 14:25:00,Shopping,Amazon,6680,NEFT
TXN0564,2026-03-18 15:44:00,Grocery,Fresh Market,545,UPI
TXN0128,2026-03-18 16:39:00,Food,Restaurant A,1565,UPI
TXN0275,2026-03-18 18:01:00,Bills,Mobile Recharge,5906,UPI
TXN0228,2026-03-18 18:02:00,Travel,Uber,1400,UPI
TXN0305,2026-03-18 18:54:00,Travel,Uber,2977,UPI
TXN0216,2026-03-19 08:14:00,Transfer,Ravi Kumar,9751,UPI
TXN0710,2026-03-19 08:15:00,Shopping,Flipkart,2056,UPI
TXN0484,2026-03-19 10:04:00,Grocery,SuperMart,1276,UPI
TXN0692,2026-03-19 10:26:00,Salary,ABC Ltd,45000,Bank Transfer
TXN0906,2026-03-19 11:30:00,Bills,Electricity Board,5471,UPI
TXN0778,2026-03-19 12:34:00,Travel,Ola,747,UPI
TXN0360,2026-03-19 15:49:00,Salary,ABC Ltd,42000,Bank Transfer
TXN0563,2026-03-19 16:14:00,Shopping,Flipkart,7092,NEFT
TXN0335,2026-03-19 16:24:00,Grocery,Fresh Market,698,UPI
TXN0649,2026-03-19 17:56:00,Transfer,Ravi Kumar,10386,UPI
TXN0243,2026-03-19 19:56:00,Travel,Uber,1265,UPI
TXN0952,2026-03-19 20:37:00,Bills,Mobile Recharge,2487,UPI
TXN0959,2026-03-20 09:46:00,Shopping,Flipkart,4840,UPI
TXN0210,2026-03-20 12:17:00,Shopping,Flipkart,1488,UPI
TXN0715,2026-03-20 12:27:00,Food,Cafe Coffee,1250,UPI
TXN0768,2026-03-20 15:35:00,Food,Cafe Coffee,1759,UPI
TXN0516,2026-03-20 15:36:00,Bills,Mobile Recharge,3990,UPI
TXN0241,2026-03-20 18:09:00,Transfer,Ravi Kumar,10325,NEFT
TXN0921,2026-03-21 09:20:00,Bills,Electricity Board,2164,UPI
TXN0387,2026-03-21 13:47:00,Food,Cafe Coffee,212,UPI
TXN0051,2026-03-21 14:48:00,Salary,ABC Ltd,48000,Bank Transfer
TXN0265,2026-03-21 17:24:00,Grocery,SuperMart,1971,UPI
TXN0924,2026-03-21 19:55:00,Travel,Uber,1127,UPI
TXN0416,2026-03-21 20:43:00,Food,Cafe Coffee,653,UPI
TXN0317,2026-03-21 21:27:00,Travel,Ola,286,UPI
TXN0463,2026-03-21 21:48:00,Shopping,Priya Stores,4342,UPI
TXN0752,2026-03-22 08:16:00,Shopping,Flipkart,5308,UPI
TXN0076,2026-03-22 08:58:00,Grocery,SuperMart,2252,UPI
TXN0834,2026-03-22 10:00:00,Shopping,Flipkart,3001,UPI
TXN0211,2026-03-22 10:02:00,Transfer,Ravi Kumar,9779,IMPS
TXN0610,2026-03-22 10:57:00,Travel,Ola,2333,UPI
TXN0083,2026-03-22 12:27:00,Shopping,Flipkart,5986,NEFT
TXN0971,2026-03-22 14:56:00,Grocery,Fresh Market,2495,UPI
TXN0409,2026-03-22 17:49:00,Travel,Uber,2498,UPI
TXN0086,2026-03-22 20:49:00,Health,Pharmacy,894,UPI
TXN0967,2026-03-22 21:40:00,Travel,Uber,1486,UPI
TXN0717,2026-03-23 11:28:00,Food,Cafe Coffee,840,UPI
TXN0968,2026-03-23 15:43:00,Food,Restaurant A,678,UPI
TXN0289,2026-03-23 18:41:00,Transfer,Ravi Kumar,8994,IMPS
TXN0281,2026-03-23 20:42:00,Travel,Ola,1711,UPI
TXN0257,2026-03-24 09:58:00,Shopping,Priya Stores,3811,UPI
TXN0630,2026-03-24 12:52:00,Salary,ABC Ltd,42000,Bank Transfer
TXN0246,2026-03-24 18:18:00,Food,Restaurant A,252,UPI
TXN0253,2026-03-24 19:26:00,Grocery,Fresh Market,958,UPI
TXN0404,2026-03-25 10:02:00,Grocery,SuperMart,2337,UPI
TXN0976,2026-03-25 10:31:00,Grocery,Fresh Market,1316,UPI
TXN0412,2026-03-25 10:55:00,Shopping,Priya Stores,5563,NEFT
TXN0593,2026-03-25 18:27:00,Food,Cafe Coffee,532,UPI
TXN0393,2026-03-25 21:15:00,Bills,Mobile Recharge,5384,UPI
TXN0057,2026-03-26 09:12:00,Bills,Electricity Board,2449,UPI
TXN0444,2026-03-26 09:36:00,Bills,Electricity Board,3666,UPI
TXN0254,2026-03-26 15:01:00,Transfer,Ravi Kumar,9117,NEFT
TXN0820,2026-03-26 17:33:00,Travel,Uber,2042,UPI
TXN0350,2026-03-26 21:12:00,Shopping,Amazon,6960,UPI
TXN0804,2026-03-26 21:35:00,Travel,Uber,583,UPI
TXN0958,2026-03-27 08:01:00,Shopping,Priya Stores,5884,NEFT
TXN0784,2026-03-27 18:35:00,Travel,Uber,1499,UPI
TXN0417,2026-03-27 21:17:00,Shopping,Amazon,1125,UPI
TXN0110,2026-03-27 21:21:00,Health,Pharmacy,3672,UPI
TXN0933,2026-03-27 21:46:00,Travel,Uber,1264,UPI
TXN0198,2026-03-28 08:29:00,Travel,Ola,1481,UPI
TXN0595,2026-03-28 16:39:00,Shopping,Book Shop,4675,NEFT
TXN0588,2026-03-28 17:31:00,Food,Cafe Coffee,1746,UPI
TXN0558,2026-03-28 17:37:00,Grocery,SuperMart,416,UPI
TXN0173,2026-03-28 20:59:00,Health,Pharmacy,3405,UPI
TXN0009,2026-03-29 12:44:00,Shopping,Amazon,2263,NEFT
TXN0200,2026-03-29 12:46:00,Health,Pharmacy,2563,UPI
TXN0813,2026-03-29 15:46:00,Shopping,Priya Stores,2194,NEFT
TXN0611,2026-03-29 17:19:00,Food,Cafe Coffee,1584,UPI
TXN0879,2026-03-29 19:38:00,Shopping,Priya Stores,896,UPI
TXN0810,2026-03-30 08:25:00,Travel,Ola,578,UPI
TXN0757,2026-03-30 08:54:00,Grocery,Fresh Market,2090,UPI
TXN0568,2026-03-30 14:48:00,Shopping,Amazon,6731,NEFT
TXN0552,2026-03-30 16:51:00,Health,Pharmacy,2626,UPI
TXN0121,2026-03-30 20:26:00,Shopping,Priya Stores,3069,NEFT
TXN0176,2026-03-31 11:49:00,Salary,ABC Ltd,42000,Bank Transfer
TXN0114,2026-03-31 13:12:00,Shopping,Book Shop,7015,UPI
TXN0447,2026-03-31 13:17:00,Salary,ABC Ltd,50000,Bank Transfer
TXN0814,2026-03-31 16:07:00,Grocery,Fresh Market,2094,UPI
TXN0857,2026-03-31 20:07:00,Bills,Mobile Recharge,5683,UPI
TXN0419,2026-03-31 20:24:00,Shopping,Book Shop,5787,UPI
TXN0380,2026-04-01 09:46:00,Bills,Mobile Recharge,4656,UPI
TXN0740,2026-04-01 12:33:00,Shopping,Priya Stores,3751,UPI
TXN0062,2026-04-01 15:13:00,Travel,Uber,2062,UPI
TXN0209,2026-04-01 19:59:00,Travel,Ola,1259,UPI
TXN0107,2026-04-01 21:18:00,Bills,Electricity Board,3829,UPI
TXN0011,2026-04-02 13:52:00,Bills,Mobile Recharge,2666,UPI
TXN0296,2026-04-02 14:23:00,Travel,Uber,746,UPI
TXN0977,2026-04-02 14:45:00,Bills,Electricity Board,901,UPI
TXN0972,2026-04-02 21:08:00,Shopping,Flipkart,4202,NEFT
TXN0452,2026-04-03 08:18:00,Food,Cafe Coffee,832,UPI
TXN0492,2026-04-03 09:09:00,Bills,Electricity Board,4957,UPI
TXN0767,2026-04-03 09:49:00,Grocery,Fresh Market,321,UPI
TXN0781,2026-04-03 12:17:00,Shopping,Flipkart,6405,NEFT
TXN0539,2026-04-03 16:40:00,Shopping,Flipkart,1494,UPI
TXN0584,2026-04-03 17:26:00,Food,Restaurant A,350,UPI
TXN0541,2026-04-03 17:27:00,Bills,Mobile Recharge,3522,UPI
TXN0441,2026-04-04 14:21:00,Health,Pharmacy,2617,UPI
TXN0941,2026-04-04 14:32:00,Health,Pharmacy,1529,UPI
TXN0126,2026-04-04 15:21:00,Grocery,Fresh Market,1652,UPI
TXN0521,2026-04-04 16:45:00,Shopping,Priya Stores,6643,UPI
TXN0913,2026-04-04 17:19:00,Salary,ABC Ltd,45000,Bank Transfer
TXN0582,2026-04-04 21:02:00,Travel,Uber,1648,UPI
TXN0105,2026-04-04 21:35:00,Shopping,Book Shop,826,NEFT
TXN0383,2026-04-05 09:57:00,Shopping,Priya Stores,2782,UPI
TXN0181,2026-04-05 10:51:00,Bills,Mobile Recharge,5474,UPI
TXN0951,2026-04-05 11:25:00,Food,Restaurant A,1354,UPI
TXN0597,2026-04-05 13:39:00,Salary,ABC Ltd,42000,Bank Transfer
TXN0019,2026-04-05 14:03:00,Shopping,Flipkart,5990,NEFT
TXN0509,2026-04-05 15:27:00,Health,Pharmacy,3576,UPI
TXN0872,2026-04-05 15:45:00,Travel,Ola,1490,UPI
TXN0654,2026-04-05 18:29:00,Shopping,Flipkart,2295,UPI
TXN0337,2026-04-05 19:26:00,Transfer,Ravi Kumar,9850,NEFT
TXN0464,2026-04-05 19:34:00,Bills,Mobile Recharge,4109,UPI
TXN0732,2026-04-06 09:01:00,Bills,Mobile Recharge,5724,UPI
TXN0373,2026-04-06 10:36:00,Salary,ABC Ltd,50000,Bank Transfer
TXN0476,2026-04-06 11:49:00,Grocery,SuperMart,1605,UPI
TXN0475,2026-04-06 12:01:00,Travel,Uber,484,UPI
TXN0674,2026-04-06 14:31:00,Travel,Ola,1696,UPI
TXN0741,2026-04-06 14:55:00,Travel,Ola,2464,UPI
TXN0656,2026-04-06 15:05:00,Transfer,Ravi Kumar,9998,NEFT
TXN0469,2026-04-06 17:27:00,Health,Pharmacy,1140,UPI
TXN0675,2026-04-07 09:22:00,Salary,ABC Ltd,45000,Bank Transfer
TXN0391,2026-04-07 15:09:00,Travel,Ola,1546,UPI
TXN0762,2026-04-07 15:22:00,Shopping,Amazon,6068,NEFT
TXN0172,2026-04-08 13:35:00,Shopping,Flipkart,4224,NEFT
TXN0618,2026-04-08 14:44:00,Shopping,Book Shop,3327,UPI
TXN0466,2026-04-08 16:34:00,Bills,Electricity Board,3929,UPI
TXN0722,2026-04-08 17:43:00,Shopping,Book Shop,2513,NEFT
TXN0308,2026-04-08 17:45:00,Food,Cafe Coffee,1377,UPI
TXN0365,2026-04-08 18:11:00,Bills,Electricity Board,2915,UPI
TXN0271,2026-04-09 11:15:00,Health,Pharmacy,4463,UPI
TXN0035,2026-04-09 14:30:00,Bills,Mobile Recharge,4334,UPI
TXN0307,2026-04-09 16:14:00,Grocery,Fresh Market,1271,UPI
TXN0585,2026-04-09 16:36:00,Travel,Ola,2402,UPI
TXN0282,2026-04-09 19:19:00,Shopping,Priya Stores,7223,UPI
TXN0157,2026-04-09 19:50:00,Shopping,Amazon,6286,UPI
TXN0072,2026-04-10 12:31:00,Health,Pharmacy,4027,UPI
TXN0166,2026-04-10 13:44:00,Salary,ABC Ltd,50000,Bank Transfer
TXN0442,2026-04-10 14:58:00,Shopping,Priya Stores,3271,UPI
TXN0836,2026-04-10 15:08:00,Bills,Mobile Recharge,1629,UPI
TXN0163,2026-04-10 15:09:00,Bills,Electricity Board,4973,UPI
TXN0791,2026-04-11 14:13:00,Grocery,Fresh Market,1118,UPI
TXN0594,2026-04-11 18:31:00,Transfer,Ravi Kumar,5902,IMPS
TXN0823,2026-04-12 08:29:00,Transfer,Ravi Kumar,11061,UPI
TXN0753,2026-04-12 09:18:00,Food,Restaurant A,532,UPI
TXN0917,2026-04-12 16:38:00,Food,Restaurant A,1487,UPI
TXN0185,2026-04-12 20:12:00,Shopping,Flipkart,1122,UPI
TXN0544,2026-04-12 20:14:00,Transfer,Ravi Kumar,8842,IMPS
TXN0634,2026-04-12 21:26:00,Travel,Ola,913,UPI
TXN0071,2026-04-13 09:00:00,Shopping,Amazon,3604,UPI
TXN0948,2026-04-13 09:10:00,Health,Pharmacy,4110,UPI
TXN0389,2026-04-13 09:11:00,Shopping,Amazon,6570,UPI
TXN0144,2026-04-13 12:09:00,Shopping,Amazon,5874,UPI
TXN0116,2026-04-13 13:36:00,Food,Restaurant A,342,UPI
TXN0590,2026-04-13 16:32:00,Grocery,SuperMart,485,UPI
TXN0415,2026-04-13 16:56:00,Grocery,Fresh Market,1921,UPI
TXN0799,2026-04-13 17:07:00,Bills,Electricity Board,3926,UPI
TXN0645,2026-04-13 19:25:00,Grocery,Fresh Market,1056,UPI
TXN0744,2026-04-14 14:28:00,Travel,Uber,2413,UPI
TXN0871,2026-04-14 16:47:00,Transfer,Ravi Kumar,5558,IMPS
TXN0206,2026-04-14 19:48:00,Shopping,Flipkart,3008,NEFT
TXN0410,2026-04-14 20:06:00,Salary,ABC Ltd,50000,Bank Transfer
TXN0129,2026-04-15 13:34:00,Travel,Uber,1361,UPI
TXN0070,2026-04-15 16:17:00,Travel,Ola,1025,UPI
TXN0628,2026-04-15 19:08:00,Health,Pharmacy,4196,UPI
TXN0844,2026-04-15 19:41:00,Travel,Ola,1852,UPI
TXN0718,2026-04-16 08:46:00,Bills,Mobile Recharge,2312,UPI
TXN0864,2026-04-16 09:00:00,Food,Restaurant A,1543,UPI
TXN0693,2026-04-16 13:07:00,Food,Restaurant A,324,UPI
TXN0626,2026-04-16 13:38:00,Transfer,Ravi Kumar,8739,UPI
TXN0370,2026-04-16 13:47:00,Shopping,Book Shop,4215,NEFT
TXN0378,2026-04-16 14:02:00,Shopping,Book Shop,5950,NEFT
TXN0545,2026-04-16 21:07:00,Travel,Uber,2504,UPI
TXN0474,2026-04-17 08:54:00,Travel,Uber,2206,UPI
TXN0633,2026-04-17 11:00:00,Health,Pharmacy,597,UPI
TXN0273,2026-04-17 13:48:00,Health,Pharmacy,4459,UPI
TXN0869,2026-04-17 14:24:00,Travel,Ola,459,UPI
TXN0598,2026-04-17 17:57:00,Food,Restaurant A,1685,UPI
TXN0944,2026-04-17 20:17:00,Food,Cafe Coffee,755,UPI
TXN0371,2026-04-17 20:27:00,Grocery,Fresh Market,1580,UPI
TXN0605,2026-04-18 10:35:00,Travel,Uber,2978,UPI
TXN0943,2026-04-18 11:49:00,Food,Cafe Coffee,708,UPI
TXN0780,2026-04-18 13:06:00,Travel,Ola,465,UPI
TXN0960,2026-04-18 16:23:00,Grocery,SuperMart,883,UPI
TXN0485,2026-04-18 18:54:00,Shopping,Priya Stores,5602,NEFT
TXN0483,2026-04-19 09:53:00,Shopping,Priya Stores,2860,UPI
TXN0238,2026-04-19 09:57:00,Bills,Electricity Board,2341,UPI
TXN0670,2026-04-19 13:52:00,Transfer,Ravi Kumar,2044,IMPS
TXN0892,2026-04-19 19:50:00,Shopping,Amazon,4413,UPI
TXN0208,2026-04-19 20:43:00,Bills,Electricity Board,3209,UPI
TXN0797,2026-04-19 21:28:00,Travel,Uber,452,UPI
TXN0489,2026-04-20 08:01:00,Bills,Mobile Recharge,3390,UPI
TXN0858,2026-04-20 10:49:00,Bills,Mobile Recharge,1640,UPI
TXN0990,2026-04-20 10:56:00,Food,Cafe Coffee,639,UPI
TXN0372,2026-04-20 13:20:00,Salary,ABC Ltd,48000,Bank Transfer
TXN0902,2026-04-20 13:22:00,Shopping,Priya Stores,1645,UPI
TXN0644,2026-04-20 16:47:00,Food,Cafe Coffee,377,UPI
TXN0384,2026-04-20 17:34:00,Shopping,Priya Stores,7204,UPI
TXN0375,2026-04-21 09:38:00,Transfer,Ravi Kumar,7105,UPI
TXN0104,2026-04-21 10:10:00,Grocery,SuperMart,1562,UPI
TXN0581,2026-04-21 10:17:00,Health,Pharmacy,2466,UPI
TXN0405,2026-04-21 10:59:00,Shopping,Amazon,3614,UPI
TXN0191,2026-04-21 14:10:00,Salary,ABC Ltd,50000,Bank Transfer
TXN0770,2026-04-21 15:39:00,Bills,Electricity Board,5044,UPI
TXN0369,2026-04-21 15:42:00,Health,Pharmacy,2171,UPI
TXN0124,2026-04-22 08:01:00,Bills,Electricity Board,4910,UPI
TXN0408,2026-04-22 08:19:00,Travel,Ola,468,UPI
TXN0519,2026-04-22 12:41:00,Salary,ABC Ltd,42000,Bank Transfer
TXN0747,2026-04-22 19:00:00,Shopping,Priya Stores,3213,UPI
TXN0460,2026-04-23 08:44:00,Travel,Uber,1642,UPI
TXN0855,2026-04-23 10:00:00,Shopping,Priya Stores,7150,UPI
TXN0242,2026-04-23 10:07:00,Travel,Ola,2970,UPI
TXN0785,2026-04-23 13:42:00,Travel,Uber,2816,UPI
TXN0510,2026-04-23 14:35:00,Food,Cafe Coffee,582,UPI
TXN0882,2026-04-23 15:47:00,Grocery,SuperMart,2052,UPI
TXN0052,2026-04-23 16:49:00,Travel,Ola,645,UPI
TXN0091,2026-04-23 17:16:00,Transfer,Ravi Kumar,5956,IMPS
TXN0294,2026-04-24 10:50:00,Transfer,Ravi Kumar,5906,UPI
TXN0250,2026-04-24 12:44:00,Shopping,Amazon,5295,NEFT
TXN0397,2026-04-24 15:04:00,Food,Restaurant A,641,UPI
TXN0341,2026-04-24 15:35:00,Shopping,Flipkart,7507,NEFT
TXN0845,2026-04-24 16:20:00,Shopping,Amazon,1177,UPI
TXN0101,2026-04-24 17:24:00,Transfer,Ravi Kumar,8007,IMPS
TXN0149,2026-04-24 18:27:00,Shopping,Book Shop,6392,NEFT
TXN0261,2026-04-24 20:58:00,Grocery,SuperMart,1133,UPI
TXN0527,2026-04-24 21:01:00,Grocery,Fresh Market,863,UPI
TXN0518,2026-04-25 08:43:00,Transfer,Ravi Kumar,6776,IMPS
TXN0462,2026-04-25 11:59:00,Bills,Electricity Board,2459,UPI
TXN0808,2026-04-25 14:23:00,Travel,Uber,2046,UPI
TXN0798,2026-04-25 18:12:00,Travel,Ola,2534,UPI
TXN0480,2026-04-25 18:30:00,Grocery,SuperMart,624,UPI
TXN0424,2026-04-25 19:37:00,Health,Pharmacy,4924,UPI
TXN0648,2026-04-25 20:51:00,Food,Restaurant A,875,UPI
TXN0357,2026-04-25 21:16:00,Food,Cafe Coffee,1251,UPI
TXN0430,2026-04-26 08:38:00,Grocery,SuperMart,1810,UPI
TXN0571,2026-04-26 12:13:00,Shopping,Amazon,1293,UPI
TXN0854,2026-04-26 12:29:00,Food,Cafe Coffee,378,UPI
TXN0473,2026-04-26 13:57:00,Health,Pharmacy,518,UPI
TXN0824,2026-04-26 18:06:00,Travel,Uber,1742,UPI
TXN0434,2026-04-26 21:49:00,Bills,Mobile Recharge,5839,UPI
TXN0040,2026-04-27 08:03:00,Transfer,Ravi Kumar,5315,IMPS
TXN0285,2026-04-27 08:15:00,Transfer,Ravi Kumar,3361,NEFT
TXN0256,2026-04-27 09:30:00,Food,Cafe Coffee,716,UPI
TXN0665,2026-04-27 10:15:00,Bills,Electricity Board,3903,UPI
TXN0148,2026-04-27 10:16:00,Shopping,Priya Stores,4306,NEFT
TXN0328,2026-04-27 14:17:00,Salary,ABC Ltd,48000,Bank Transfer
TXN0366,2026-04-27 16:37:00,Bills,Mobile Recharge,4024,UPI
TXN0936,2026-04-27 16:43:00,Food,Cafe Coffee,313,UPI
TXN0666,2026-04-27 17:37:00,Grocery,SuperMart,2193,UPI
TXN0018,2026-04-27 18:50:00,Shopping,Book Shop,3488,UPI
TXN0828,2026-04-28 09:56:00,Food,Restaurant A,1573,UPI
TXN0725,2026-04-28 10:52:00,Transfer,Ravi Kumar,6770,UPI
TXN0681,2026-04-28 13:54:00,Shopping,Amazon,2758,UPI
TXN0848,2026-04-28 17:39:00,Transfer,Ravi Kumar,9115,IMPS
TXN0832,2026-04-28 18:32:00,Shopping,Amazon,7166,NEFT
TXN0874,2026-04-28 18:50:00,Salary,ABC Ltd,48000,Bank Transfer
TXN0267,2026-04-29 10:00:00,Salary,ABC Ltd,45000,Bank Transfer
TXN0171,2026-04-29 11:06:00,Grocery,SuperMart,1365,UPI
TXN0566,2026-04-29 11:28:00,Food,Cafe Coffee,1442,UPI
TXN0973,2026-04-29 12:31:00,Shopping,Book Shop,1482,UPI
TXN0953,2026-04-29 14:17:00,Bills,Mobile Recharge,4541,UPI
TXN0433,2026-04-29 17:54:00,Bills,Electricity Board,836,UPI
TXN0679,2026-04-29 19:29:00,Transfer,Ravi Kumar,9920,NEFT
TXN0793,2026-04-29 20:05:00,Shopping,Flipkart,4091,NEFT
TXN0423,2026-04-29 20:52:00,Bills,Mobile Recharge,5247,UPI
TXN0465,2026-04-29 21:07:00,Food,Restaurant A,1793,UPI
TXN0324,2026-04-30 09:17:00,Shopping,Amazon,6678,UPI
TXN0652,2026-04-30 13:14:00,Shopping,Amazon,3821,NEFT
TXN0135,2026-04-30 15:32:00,Travel,Ola,2917,UPI
TXN0714,2026-04-30 17:06:00,Salary,ABC Ltd,48000,Bank Transfer
TXN0542,2026-04-30 21:42:00,Bills,Electricity Board,1563,UPI
TXN0252,2026-05-01 13:56:00,Travel,Uber,1515,UPI
TXN0427,2026-05-01 15:32:00,Salary,ABC Ltd,48000,Bank Transfer
TXN0220,2026-05-01 16:10:00,Travel,Ola,1545,UPI
TXN0479,2026-05-01 19:52:00,Shopping,Book Shop,1636,NEFT
TXN0607,2026-05-01 20:33:00,Transfer,Ravi Kumar,2020,IMPS
TXN0914,2026-05-01 21:08:00,Grocery,Fresh Market,368,UPI
TXN0745,2026-05-02 08:57:00,Salary,ABC Ltd,42000,Bank Transfer
TXN0060,2026-05-02 12:08:00,Shopping,Priya Stores,4374,NEFT
TXN0151,2026-05-02 15:40:00,Food,Restaurant A,1739,UPI
TXN0207,2026-05-02 17:26:00,Bills,Electricity Board,3316,UPI
TXN0162,2026-05-03 08:06:00,Food,Cafe Coffee,811,UPI
TXN0995,2026-05-03 09:02:00,Grocery,Fresh Market,1445,UPI
TXN0655,2026-05-03 10:36:00,Travel,Ola,2631,UPI
TXN0709,2026-05-03 11:33:00,Shopping,Book Shop,7930,NEFT
TXN0711,2026-05-03 12:08:00,Transfer,Ravi Kumar,10902,IMPS
TXN0616,2026-05-03 13:57:00,Bills,Electricity Board,2740,UPI
TXN0629,2026-05-03 19:06:00,Shopping,Flipkart,6692,NEFT
TXN0277,2026-05-04 13:53:00,Food,Cafe Coffee,1330,UPI
TXN0194,2026-05-04 15:56:00,Travel,Uber,2576,UPI
TXN0842,2026-05-05 10:19:00,Shopping,Flipkart,7178,NEFT
TXN0074,2026-05-05 10:38:00,Shopping,Flipkart,2930,UPI
TXN0454,2026-05-05 11:16:00,Shopping,Flipkart,1626,UPI
TXN0838,2026-05-05 18:50:00,Bills,Electricity Board,5785,UPI
TXN0276,2026-05-06 10:32:00,Travel,Ola,2356,UPI
TXN0761,2026-05-06 11:53:00,Food,Cafe Coffee,1332,UPI
TXN0829,2026-05-06 17:00:00,Salary,ABC Ltd,48000,Bank Transfer
TXN0283,2026-05-07 08:37:00,Shopping,Amazon,4614,NEFT
TXN0696,2026-05-07 08:48:00,Food,Cafe Coffee,1517,UPI
TXN0909,2026-05-07 14:35:00,Grocery,Fresh Market,1287,UPI
TXN0989,2026-05-08 08:30:00,Travel,Uber,2948,UPI
TXN0575,2026-05-08 13:15:00,Travel,Ola,244,UPI
TXN0994,2026-05-08 15:01:00,Health,Pharmacy,4811,UPI
TXN0716,2026-05-08 15:57:00,Grocery,Fresh Market,2223,UPI
TXN0937,2026-05-08 17:40:00,Shopping,Amazon,3512,UPI
TXN0300,2026-05-08 17:57:00,Shopping,Amazon,2402,NEFT
TXN0910,2026-05-08 18:53:00,Bills,Mobile Recharge,1081,UPI
TXN0511,2026-05-08 19:48:00,Travel,Ola,1654,UPI
TXN0268,2026-05-08 20:13:00,Food,Restaurant A,1242,UPI
TXN0436,2026-05-09 10:34:00,Grocery,SuperMart,2145,UPI
TXN0077,2026-05-09 17:03:00,Shopping,Amazon,965,UPI
TXN0244,2026-05-09 17:12:00,Travel,Ola,1943,UPI
TXN0406,2026-05-09 17:32:00,Shopping,Book Shop,5972,NEFT
TXN0946,2026-05-09 19:29:00,Health,Pharmacy,731,UPI
TXN0918,2026-05-09 21:05:00,Travel,Uber,1884,UPI
TXN0429,2026-05-10 09:15:00,Food,Restaurant A,1145,UPI
TXN0089,2026-05-10 12:31:00,Shopping,Amazon,3359,UPI
TXN0456,2026-05-10 21:09:00,Bills,Electricity Board,4813,UPI
TXN0493,2026-05-10 21:25:00,Bills,Electricity Board,5039,UPI
TXN0849,2026-05-11 09:55:00,Bills,Mobile Recharge,1435,UPI
TXN0907,2026-05-11 11:13:00,Transfer,Ravi Kumar,7418,NEFT
TXN0806,2026-05-11 20:44:00,Bills,Electricity Board,5071,UPI
TXN0398,2026-05-12 09:56:00,Food,Cafe Coffee,1080,UPI
TXN0505,2026-05-12 14:47:00,Shopping,Book Shop,4948,NEFT
TXN0771,2026-05-12 14:57:00,Grocery,Fresh Market,407,UPI
TXN0569,2026-05-12 17:35:00,Grocery,Fresh Market,1607,UPI
TXN0470,2026-05-13 10:07:00,Food,Restaurant A,371,UPI
TXN0819,2026-05-13 10:58:00,Bills,Electricity Board,1811,UPI
TXN0512,2026-05-13 12:33:00,Shopping,Priya Stores,1176,NEFT
TXN0548,2026-05-13 13:52:00,Shopping,Amazon,7692,UPI
TXN0592,2026-05-13 15:47:00,Shopping,Amazon,5466,UPI
TXN0227,2026-05-14 14:29:00,Travel,Ola,1963,UPI
TXN0962,2026-05-14 15:02:00,Transfer,Ravi Kumar,7102,NEFT
TXN0153,2026-05-14 16:16:00,Salary,ABC Ltd,45000,Bank Transfer
TXN0930,2026-05-14 16:49:00,Shopping,Priya Stores,7237,NEFT
TXN0728,2026-05-15 08:34:00,Shopping,Book Shop,7436,UPI
TXN0934,2026-05-15 09:05:00,Food,Restaurant A,1658,UPI
TXN0356,2026-05-15 09:56:00,Transfer,Ravi Kumar,2041,NEFT
TXN0739,2026-05-15 10:32:00,Shopping,Flipkart,2072,NEFT
TXN0659,2026-05-15 15:37:00,Bills,Electricity Board,3463,UPI
TXN0440,2026-05-15 16:55:00,Bills,Mobile Recharge,1800,UPI
TXN0602,2026-05-15 18:44:00,Transfer,Ravi Kumar,11153,NEFT
TXN0400,2026-05-15 19:23:00,Food,Restaurant A,293,UPI
TXN0911,2026-05-16 08:12:00,Food,Cafe Coffee,848,UPI
TXN0748,2026-05-16 08:43:00,Shopping,Flipkart,2231,NEFT
TXN0703,2026-05-16 10:17:00,Travel,Uber,1144,UPI
TXN0036,2026-05-16 12:17:00,Bills,Electricity Board,594,UPI
TXN0528,2026-05-16 14:15:00,Travel,Uber,1437,UPI
TXN0321,2026-05-16 16:33:00,Health,Pharmacy,2532,UPI
TXN0418,2026-05-16 16:42:00,Shopping,Flipkart,7921,NEFT
TXN0555,2026-05-17 09:35:00,Bills,Electricity Board,5750,UPI
TXN0680,2026-05-17 14:28:00,Shopping,Book Shop,2381,UPI
TXN0188,2026-05-17 15:18:00,Salary,ABC Ltd,48000,Bank Transfer
TXN0735,2026-05-17 17:24:00,Travel,Uber,198,UPI
TXN0632,2026-05-17 20:36:00,Transfer,Ravi Kumar,1611,UPI
TXN0048,2026-05-17 21:04:00,Shopping,Amazon,1551,NEFT
TXN0677,2026-05-18 14:42:00,Bills,Electricity Board,1543,UPI
TXN0920,2026-05-18 18:30:00,Shopping,Amazon,2773,UPI
TXN0706,2026-05-18 20:21:00,Shopping,Book Shop,2060,UPI
TXN0657,2026-05-18 21:41:00,Salary,ABC Ltd,45000,Bank Transfer
TXN0156,2026-05-19 09:22:00,Shopping,Amazon,1735,UPI
TXN0059,2026-05-19 10:15:00,Transfer,Ravi Kumar,10355,IMPS
TXN0688,2026-05-19 11:42:00,Shopping,Priya Stores,7575,UPI
TXN0159,2026-05-19 15:57:00,Travel,Uber,405,UPI
TXN0851,2026-05-19 20:54:00,Grocery,SuperMart,2107,UPI
TXN0103,2026-05-20 08:36:00,Shopping,Book Shop,3524,UPI
TXN0800,2026-05-20 08:37:00,Shopping,Priya Stores,3445,UPI
TXN0852,2026-05-20 11:43:00,Travel,Uber,569,UPI
TXN0514,2026-05-20 13:00:00,Food,Cafe Coffee,410,UPI
TXN0278,2026-05-20 14:26:00,Travel,Ola,1468,UPI
TXN0007,2026-05-20 15:09:00,Shopping,Flipkart,4179,NEFT
TXN0133,2026-05-21 08:00:00,Food,Restaurant A,787,UPI
TXN0049,2026-05-21 10:49:00,Food,Restaurant A,1280,UPI
TXN0150,2026-05-21 15:36:00,Health,Pharmacy,1603,UPI
TXN0661,2026-05-21 16:37:00,Shopping,Flipkart,5191,UPI
TXN0878,2026-05-21 17:51:00,Shopping,Amazon,5137,NEFT
TXN0723,2026-05-21 19:10:00,Salary,ABC Ltd,48000,Bank Transfer
TXN0482,2026-05-21 20:24:00,Bills,Mobile Recharge,4823,UPI
TXN0130,2026-05-22 10:10:00,Shopping,Flipkart,3944,NEFT
TXN0095,2026-05-22 10:39:00,Food,Restaurant A,777,UPI
TXN0713,2026-05-22 13:29:00,Shopping,Priya Stores,2818,NEFT
TXN0904,2026-05-22 18:15:00,Bills,Mobile Recharge,5477,UPI
TXN0201,2026-05-23 08:10:00,Bills,Electricity Board,2065,UPI
TXN0376,2026-05-23 09:01:00,Bills,Mobile Recharge,5100,UPI
TXN0614,2026-05-23 13:05:00,Shopping,Flipkart,2938,NEFT
TXN0326,2026-05-23 14:14:00,Grocery,Fresh Market,1916,UPI
TXN0694,2026-05-23 18:05:00,Health,Pharmacy,1734,UPI
TXN0203,2026-05-23 20:56:00,Shopping,Flipkart,6157,NEFT
TXN0531,2026-05-24 10:00:00,Food,Restaurant A,1787,UPI
TXN0006,2026-05-24 11:23:00,Transfer,Ravi Kumar,11647,IMPS
TXN0377,2026-05-24 13:37:00,Salary,ABC Ltd,42000,Bank Transfer
TXN0449,2026-05-24 14:25:00,Salary,ABC Ltd,48000,Bank Transfer
TXN0702,2026-05-24 15:02:00,Travel,Uber,2432,UPI
TXN0843,2026-05-24 16:37:00,Salary,ABC Ltd,50000,Bank Transfer
TXN0754,2026-05-25 12:06:00,Bills,Mobile Recharge,3687,UPI
TXN0596,2026-05-25 13:06:00,Travel,Ola,218,UPI
TXN0803,2026-05-25 19:00:00,Salary,ABC Ltd,50000,Bank Transfer
TXN0751,2026-05-25 19:13:00,Grocery,SuperMart,1034,UPI
TXN0311,2026-05-25 19:42:00,Shopping,Priya Stores,6600,UPI
TXN0187,2026-05-25 21:21:00,Grocery,SuperMart,1722,UPI
TXN0525,2026-05-26 08:33:00,Bills,Mobile Recharge,1756,UPI
TXN0080,2026-05-26 12:12:00,Bills,Mobile Recharge,5370,UPI
TXN0860,2026-05-26 13:59:00,Bills,Electricity Board,2802,UPI
TXN0636,2026-05-26 18:17:00,Grocery,Fresh Market,1672,UPI
TXN0197,2026-05-26 18:24:00,Salary,ABC Ltd,50000,Bank Transfer
TXN0229,2026-05-26 18:35:00,Grocery,SuperMart,706,UPI
TXN0123,2026-05-28 11:14:00,Food,Restaurant A,290,UPI
TXN0015,2026-05-28 11:16:00,Transfer,Ravi Kumar,2139,UPI
TXN0143,2026-05-28 11:19:00,Transfer,Ravi Kumar,7291,NEFT
TXN0488,2026-05-28 12:07:00,Transfer,Ravi Kumar,3352,NEFT
TXN0690,2026-05-28 13:26:00,Bills,Mobile Recharge,5398,UPI
TXN0837,2026-05-28 14:32:00,Travel,Uber,910,UPI
TXN0935,2026-05-28 18:42:00,Grocery,Fresh Market,2332,UPI
TXN0868,2026-05-28 18:47:00,Food,Restaurant A,1485,UPI
TXN0184,2026-05-28 19:33:00,Health,Pharmacy,3374,UPI
TXN0873,2026-05-29 08:02:00,Shopping,Book Shop,6841,UPI
TXN0318,2026-05-29 14:13:00,Transfer,Ravi Kumar,3153,UPI
TXN0807,2026-05-29 19:44:00,Bills,Mobile Recharge,2310,UPI
TXN0498,2026-05-29 20:32:00,Shopping,Priya Stores,3223,UPI
TXN0329,2026-05-30 14:30:00,Shopping,Book Shop,5730,NEFT
TXN0031,2026-05-30 14:48:00,Food,Cafe Coffee,649,UPI
TXN0720,2026-05-30 17:53:00,Transfer,Ravi Kumar,7841,NEFT
TXN0984,2026-05-30 18:00:00,Food,Restaurant A,353,UPI
TXN0915,2026-05-31 09:09:00,Grocery,SuperMart,1373,UPI
TXN0831,2026-05-31 09:56:00,Food,Cafe Coffee,920,UPI
TXN0349,2026-05-31 11:41:00,Shopping,Book Shop,7624,UPI
TXN0055,2026-05-31 11:45:00,Grocery,SuperMart,590,UPI
TXN0354,2026-05-31 13:31:00,Grocery,SuperMart,1013,UPI
TXN0923,2026-05-31 18:49:00,Shopping,Priya Stores,7336,UPI
TXN0901,2026-05-31 20:27:00,Travel,Uber,1589,UPI
TXN0338,2026-05-31 20:40:00,Transfer,Ravi Kumar,3531,NEFT
TXN0358,2026-06-01 09:51:00,Travel,Ola,2213,UPI
TXN0792,2026-06-01 17:18:00,Shopping,Amazon,6084,UPI
TXN0169,2026-06-01 17:37:00,Salary,ABC Ltd,42000,Bank Transfer
TXN0965,2026-06-01 17:41:00,Grocery,SuperMart,2081,UPI
TXN0685,2026-06-02 08:34:00,Travel,Ola,2598,UPI
TXN0786,2026-06-02 10:19:00,Food,Restaurant A,856,UPI
TXN0214,2026-06-02 12:49:00,Grocery,Fresh Market,1095,UPI
TXN0830,2026-06-02 14:37:00,Bills,Mobile Recharge,3715,UPI
TXN0487,2026-06-02 17:08:00,Grocery,SuperMart,2410,UPI
TXN0861,2026-06-02 17:11:00,Shopping,Amazon,3151,NEFT
TXN0773,2026-06-02 18:12:00,Shopping,Priya Stores,3157,NEFT
TXN0782,2026-06-02 18:31:00,Shopping,Flipkart,4250,UPI
TXN0579,2026-06-02 19:09:00,Salary,ABC Ltd,50000,Bank Transfer
TXN0044,2026-06-03 13:31:00,Travel,Ola,229,UPI
TXN0096,2026-06-04 11:35:00,Transfer,Ravi Kumar,6617,UPI
TXN0164,2026-06-04 11:45:00,Travel,Ola,1048,UPI
TXN0787,2026-06-04 19:51:00,Shopping,Flipkart,4424,NEFT
TXN0050,2026-06-05 15:13:00,Shopping,Flipkart,4917,UPI
TXN0122,2026-06-05 16:43:00,Grocery,Fresh Market,1877,UPI
TXN0226,2026-06-05 18:10:00,Shopping,Priya Stores,5566,UPI
TXN0021,2026-06-05 18:50:00,Shopping,Amazon,4875,UPI
TXN0385,2026-06-05 19:13:00,Shopping,Book Shop,6180,NEFT
TXN0312,2026-06-05 20:43:00,Travel,Ola,1322,UPI
TXN0543,2026-06-06 09:28:00,Grocery,Fresh Market,1566,UPI
TXN0533,2026-06-06 12:52:00,Transfer,Ravi Kumar,9047,UPI
TXN0613,2026-06-06 16:15:00,Shopping,Flipkart,2519,NEFT
TXN0897,2026-06-06 19:05:00,Shopping,Amazon,4105,NEFT
TXN0993,2026-06-07 12:11:00,Salary,ABC Ltd,48000,Bank Transfer
TXN0132,2026-06-07 17:42:00,Food,Restaurant A,1031,UPI
TXN0833,2026-06-07 18:04:00,Grocery,Fresh Market,848,UPI
TXN0432,2026-06-07 18:08:00,Bills,Electricity Board,3649,UPI
TXN0759,2026-06-07 18:09:00,Travel,Uber,1486,UPI
TXN0899,2026-06-07 19:43:00,Travel,Ola,1039,UPI
TXN0683,2026-06-07 21:04:00,Health,Pharmacy,428,UPI
TXN0193,2026-06-07 21:47:00,Health,Pharmacy,4708,UPI
TXN0841,2026-06-08 08:54:00,Shopping,Book Shop,3441,UPI
TXN0458,2026-06-08 10:14:00,Bills,Mobile Recharge,3586,UPI
TXN0331,2026-06-08 17:34:00,Food,Cafe Coffee,1449,UPI
TXN0561,2026-06-08 18:54:00,Grocery,SuperMart,2339,UPI
TXN0108,2026-06-08 20:47:00,Shopping,Amazon,2439,UPI
TXN0127,2026-06-09 13:21:00,Salary,ABC Ltd,42000,Bank Transfer
TXN0168,2026-06-09 17:06:00,Grocery,SuperMart,1913,UPI
TXN0260,2026-06-09 20:54:00,Travel,Ola,2711,UPI
TXN0042,2026-06-10 13:05:00,Shopping,Book Shop,5734,UPI
TXN0426,2026-06-10 13:23:00,Shopping,Amazon,4102,UPI
TXN0562,2026-06-10 17:18:00,Food,Restaurant A,1514,UPI
TXN0237,2026-06-10 18:03:00,Salary,ABC Ltd,45000,Bank Transfer
TXN0014,2026-06-10 18:33:00,Health,Pharmacy,3262,UPI
TXN0695,2026-06-10 19:35:00,Travel,Uber,2426,UPI
TXN0056,2026-06-11 09:00:00,Shopping,Flipkart,1052,UPI
TXN0264,2026-06-11 18:23:00,Shopping,Priya Stores,2460,UPI
TXN0443,2026-06-11 19:02:00,Food,Cafe Coffee,334,UPI
TXN0291,2026-06-11 19:40:00,Health,Pharmacy,2654,UPI
TXN0314,2026-06-12 11:14:00,Bills,Mobile Recharge,2553,UPI
TXN0495,2026-06-12 14:36:00,Food,Cafe Coffee,719,UPI
TXN0957,2026-06-12 19:50:00,Health,Pharmacy,378,UPI
TXN0870,2026-06-12 21:33:00,Health,Pharmacy,1062,UPI
TXN0251,2026-06-12 21:53:00,Travel,Ola,523,UPI
TXN0001,2026-06-13 09:54:00,Grocery,SuperMart,1426,UPI
TXN0625,2026-06-13 11:58:00,Grocery,SuperMart,710,UPI
TXN0301,2026-06-13 12:20:00,Travel,Ola,1195,UPI
TXN0023,2026-06-13 19:44:00,Bills,Electricity Board,2299,UPI
TXN0500,2026-06-14 10:59:00,Shopping,Book Shop,6882,NEFT
TXN0028,2026-06-14 15:49:00,Shopping,Amazon,2669,UPI
TXN0425,2026-06-14 18:50:00,Bills,Mobile Recharge,3147,UPI
TXN0896,2026-06-14 19:33:00,Shopping,Amazon,1060,UPI
TXN1001,2026-06-15 02:10:00,Transfer,Unknown Payee,75000,IMPS
TXN1002,2026-06-15 02:16:00,Transfer,Unknown Payee,70000,IMPS
TXN1003,2026-06-15 02:23:00,Transfer,Unknown Payee,68000,IMPS
TXN0908,2026-06-15 08:55:00,Shopping,Priya Stores,7855,UPI
TXN0239,2026-06-15 10:32:00,Health,Pharmacy,2476,UPI
TXN0343,2026-06-15 14:07:00,Grocery,SuperMart,1930,UPI
TXN0524,2026-06-15 14:15:00,Food,Cafe Coffee,984,UPI
TXN0451,2026-06-15 19:26:00,Travel,Uber,2232,UPI
TXN0204,2026-06-15 20:08:00,Travel,Ola,1985,UPI
TXN0177,2026-06-16 08:41:00,Shopping,Priya Stores,754,UPI
TXN0288,2026-06-16 09:22:00,Shopping,Book Shop,3191,NEFT
TXN0560,2026-06-16 11:35:00,Shopping,Priya Stores,5186,NEFT
TXN0529,2026-06-16 12:45:00,Shopping,Flipkart,1429,UPI
TXN0884,2026-06-16 13:09:00,Shopping,Amazon,7663,NEFT
TXN0368,2026-06-16 21:07:00,Bills,Electricity Board,2261,UPI
TXN0339,2026-06-17 09:41:00,Shopping,Book Shop,4508,NEFT
TXN0286,2026-06-17 10:38:00,Grocery,Fresh Market,2223,UPI
TXN0621,2026-06-17 12:22:00,Transfer,Ravi Kumar,8849,UPI
TXN0508,2026-06-17 13:39:00,Food,Restaurant A,454,UPI
TXN0676,2026-06-17 13:56:00,Grocery,Fresh Market,1031,UPI
TXN0092,2026-06-17 17:01:00,Grocery,SuperMart,1526,UPI
TXN0743,2026-06-17 19:05:00,Shopping,Priya Stores,759,UPI
TXN0853,2026-06-17 20:49:00,Shopping,Flipkart,2938,UPI
TXN0137,2026-06-18 09:26:00,Food,Restaurant A,1255,UPI
TXN0310,2026-06-18 14:45:00,Food,Restaurant A,216,UPI
TXN0734,2026-06-18 16:19:00,Grocery,SuperMart,327,UPI
TXN0258,2026-06-18 17:15:00,Travel,Ola,1842,UPI
TXN0082,2026-06-18 17:57:00,Bills,Mobile Recharge,4782,UPI
TXN0093,2026-06-19 09:46:00,Health,Pharmacy,1400,UPI
TXN0966,2026-06-19 10:13:00,Shopping,Flipkart,2889,NEFT
TXN0016,2026-06-19 11:53:00,Shopping,Priya Stores,2870,UPI
TXN0255,2026-06-19 14:50:00,Shopping,Book Shop,6730,UPI
TXN0396,2026-06-19 15:14:00,Travel,Ola,2636,UPI
TXN0609,2026-06-19 16:09:00,Bills,Electricity Board,3586,UPI
TXN0138,2026-06-19 18:48:00,Bills,Mobile Recharge,3245,UPI
TXN1004,2026-06-20 01:55:00,Transfer,New Beneficiary,95000,NEFT
TXN0302,2026-06-20 08:09:00,Health,Pharmacy,4111,UPI
TXN0733,2026-06-20 18:31:00,Health,Pharmacy,4258,UPI
TXN0491,2026-06-20 19:24:00,Grocery,Fresh Market,2444,UPI
TXN0729,2026-06-21 08:49:00,Shopping,Priya Stores,552,NEFT
TXN0697,2026-06-21 14:30:00,Shopping,Priya Stores,4796,NEFT
TXN0085,2026-06-21 19:00:00,Food,Restaurant A,1136,UPI
TXN0111,2026-06-21 20:32:00,Shopping,Priya Stores,2532,NEFT
TXN0395,2026-06-22 09:23:00,Food,Restaurant A,1107,UPI
TXN0079,2026-06-22 12:00:00,Travel,Uber,641,UPI
TXN0248,2026-06-22 12:35:00,Bills,Mobile Recharge,829,UPI
TXN0795,2026-06-22 16:31:00,Shopping,Amazon,5688,NEFT
TXN0686,2026-06-22 20:00:00,Shopping,Book Shop,898,UPI
TXN0667,2026-06-22 21:46:00,Food,Restaurant A,1681,UPI
TXN0691,2026-06-22 21:58:00,Food,Cafe Coffee,685,UPI
TXN0978,2026-06-23 13:06:00,Food,Restaurant A,556,UPI
TXN0867,2026-06-23 14:42:00,Travel,Ola,732,UPI
TXN0526,2026-06-23 15:40:00,Food,Cafe Coffee,961,UPI
TXN0118,2026-06-23 17:09:00,Food,Cafe Coffee,256,UPI
TXN0755,2026-06-23 17:13:00,Food,Cafe Coffee,986,UPI
TXN0809,2026-06-23 18:02:00,Transfer,Ravi Kumar,9199,UPI
TXN0461,2026-06-23 20:16:00,Shopping,Flipkart,4138,NEFT
TXN0325,2026-06-23 20:21:00,Salary,ABC Ltd,50000,Bank Transfer
TXN0003,2026-06-23 20:38:00,Health,Pharmacy,4767,UPI
TXN0131,2026-06-23 20:46:00,Health,Pharmacy,1725,UPI
TXN0315,2026-06-23 20:53:00,Transfer,Ravi Kumar,11800,IMPS
TXN0818,2026-06-23 21:39:00,Shopping,Amazon,6566,UPI
TXN0863,2026-06-23 21:54:00,Grocery,Fresh Market,855,UPI
TXN0536,2026-06-24 13:27:00,Salary,ABC Ltd,48000,Bank Transfer
TXN0034,2026-06-24 15:12:00,Bills,Mobile Recharge,1020,UPI
TXN0612,2026-06-24 18:58:00,Shopping,Priya Stores,6179,NEFT
TXN0037,2026-06-24 20:18:00,Grocery,Fresh Market,2499,UPI
TXN0627,2026-06-24 21:09:00,Shopping,Amazon,542,UPI
TXN0298,2026-06-24 21:31:00,Shopping,Amazon,1892,UPI
TXN0362,2026-06-25 09:50:00,Travel,Ola,1966,UPI
TXN0236,2026-06-25 11:59:00,Health,Pharmacy,2467,UPI
TXN0750,2026-06-25 12:47:00,Health,Pharmacy,4748,UPI
TXN0024,2026-06-25 13:32:00,Shopping,Book Shop,6794,UPI
TXN0777,2026-06-25 14:29:00,Shopping,Amazon,1637,NEFT
TXN0983,2026-06-25 18:45:00,Salary,ABC Ltd,42000,Bank Transfer
TXN0097,2026-06-25 18:49:00,Shopping,Book Shop,2662,NEFT
TXN0125,2026-06-25 20:16:00,Transfer,Ravi Kumar,11987,UPI
TXN1005,2026-06-25 23:48:00,Transfer,New Beneficiary,60000,IMPS
TXN0653,2026-06-26 10:00:00,Salary,ABC Ltd,48000,Bank Transfer
TXN0413,2026-06-26 14:10:00,Grocery,Fresh Market,2088,UPI
TXN0233,2026-06-26 18:08:00,Travel,Ola,1342,UPI
TXN0599,2026-06-26 18:44:00,Grocery,SuperMart,2243,UPI
TXN0794,2026-06-27 09:10:00,Shopping,Book Shop,7445,NEFT
TXN0789,2026-06-27 18:48:00,Travel,Ola,2508,UPI
TXN0161,2026-06-28 08:20:00,Shopping,Book Shop,7714,NEFT
TXN0218,2026-06-28 10:09:00,Salary,ABC Ltd,50000,Bank Transfer
TXN0623,2026-06-28 12:38:00,Shopping,Amazon,1394,UPI
TXN0698,2026-06-28 15:06:00,Travel,Uber,761,UPI
TXN0815,2026-06-28 15:43:00,Food,Cafe Coffee,337,UPI
TXN0501,2026-06-28 16:10:00,Salary,ABC Ltd,45000,Bank Transfer
TXN0263,2026-06-28 16:16:00,Grocery,Fresh Market,418,UPI
TXN0975,2026-06-28 18:17:00,Grocery,SuperMart,1180,UPI
TXN0746,2026-06-29 10:55:00,Grocery,Fresh Market,2347,UPI
TXN0333,2026-06-29 13:09:00,Salary,ABC Ltd,50000,Bank Transfer
TXN0919,2026-06-29 14:51:00,Grocery,Fresh Market,2497,UPI
TXN0020,2026-06-29 19:39:00,Salary,ABC Ltd,42000,Bank Transfer
TXN0888,2026-06-29 20:53:00,Shopping,Flipkart,4016,UPI
